dataset_id,name,source_url,license,license_restrictions,languages,on_disk_size,record_count_or_card_claim,modality,content_characteristics,entity_coverage,annotation_format,synthetic_or_real,splits,intended_or_permitted_use,visual_relevance,browser_relevance,data_quality_concerns,duplication_concerns,privacy_concerns,training_suitability,validation_suitability,held_out_evaluation_suitability,recommendation,license_review_status,notes
DS-CAND-001,conll2003,https://huggingface.co/datasets/tner/conll2003,Other / Reuters terms,"Reuters corpus agreements; annotations only may be distributable",English,3.8 MiB,"20,744 rows",text; NER,Reuters newswire,"PER; ORG; LOC; MISC",token tags; BIO,real,"train 14,041; validation 3,250; test 3,453",research subject to corpus terms,none,none,"General NER rather than PII; old news domain","Unknown near duplicates and Reuters lineage",Copyrighted source text,"Not suitable for primary PII task; baseline only after rights review",Not suitable for PrivateSight validation,Reject for held-out PII/visual evaluation,Reject for primary use,blocked,"Local card describes rights restrictions"
DS-CAND-002,meddies-pii,https://huggingface.co/datasets/Meddies/meddies-pii,CC-BY-NC-4.0,Non-commercial; commercial contact required,"vi; en; zh; ja; ko; th; fr; de; es; pt; ru; id; tl; ms; my; lo; ta",3.62 GiB,"Card claims 831,746 language rows plus overlapping derived views",text; PII/PHI; sanitization,"Synthetic clinical and administrative documents; structured and unstructured views","Seven canonical families; derived BIOES view adds private_url and secret",inline tags; JSON labels; character spans; BIOES,synthetic,"Mostly train configs; derived train/validation; named eval/test views",non-commercial research,none,"Text may resemble browser content but no browser state","Publisher counts are non-additive; synthetic QA claims not reproduced","High overlap among derived/mixed views; includes Nemotron/Ai4Privacy-derived views",Synthetic but medical-like content; no privacy certification,"Candidate only after license and lineage review","Candidate only for text validation; derived slices need separation",Reject for independent final evaluation,Retain as research-only text candidate,blocked,"No screenshot/box/mask/DOM data"
DS-CAND-003,Nemotron-PII,https://huggingface.co/datasets/nvidia/Nemotron-PII,CC-BY-4.0,Attribution,English,293.1 MiB,"100,000 card claim",text; PII/PHI,"Synthetic structured and unstructured documents across 50+ industries","55+ PII/PHI categories",character spans in Parquet,synthetic,"train 50,000; test 50,000",train/evaluate text PII and PHI,none,"Some form/invoice-like text; no browser state","Synthetic realism and publisher quality claims unverified",Same-generator split risk,Synthetic persona data; validate no memorized identifiers,Candidate after taxonomy review,Candidate for text-only validation,Reject as independent final evaluation,Retain text candidate,provisional,"Local card; parquet rows not independently counted"
DS-CAND-004,open-pii-masking-500k-ai4privacy,https://huggingface.co/datasets/ai4privacy/open-pii-masking-500k-ai4privacy,"Conflicting: card CC-BY-4.0; README Llama Community terms","Llama naming/attribution/AUP claims; dataset-specific license file empty","en; fr; de; it; es; nl; hi; te",675.7 MiB,"580,227 locally counted",text; PII masking,"Synthetic short natural-language records","20 labels observed",JSONL text; masks; token labels,synthetic,"train 464,150; validation 116,077",text PII masking subject to unresolved terms,none,"Possible form/chat text only","2,930 duplicate-text rows; quality claims unverified","Two exact-text overlaps with 400k; near/template overlap unknown",Synthetic claim; source models and terms complicate redistribution,Blocked,Blocked,Reject,Hold pending license resolution,conflict,"Do not rely on CC-BY metadata alone"
DS-CAND-005,pii_benchmark,https://huggingface.co/datasets/redmadrobot-rnd/pii_benchmark,MIT stated in card,No separate local license file,Russian,3.1 MiB,"2,841 rows; 5,614 spans",text; PII NER,"Pseudonymized production logs plus synthetic documents and hard negatives","21 Russian person/address/contact/document types",CSV; token BIO,hybrid,"test only",text benchmark,none,none,"Overlap-based benchmark protocol may not match PrivateSight; provenance needs confirmation","Zero exact-text overlap with pii_train; shared lineage remains",Production-log-derived text with synthetic replacements,"Do not train",Potential text-only held-out validation after freeze,"Possible text-only sub-benchmark; not overall final evaluation",Quarantine and freeze pending review,provisional,"No visual/browser evidence"
DS-CAND-006,pii_train,https://huggingface.co/datasets/redmadrobot-rnd/pii_train,MIT stated in card,No separate local license file,Russian,12.1 MiB,"17,137 rows; 39,687 spans",text; PII NER,"Pseudonymized production logs plus synthetic documents and hard negatives","Same 21 types as pii_benchmark",CSV; token BIO,hybrid,"train only",text model training,none,none,"Mixed-source quality and pseudonymization need audit","Zero exact-text overlap with benchmark; source/template leakage still possible",Production-log-derived text with synthetic replacements,Candidate after provenance review,Not independent from its paired benchmark,Reject for final evaluation,Retain training candidate,provisional,"Publisher page identity verified 2026-10-04; local card links paired benchmark and code"
DS-CAND-007,pii-masking-300k,https://huggingface.co/datasets/ai4privacy/pii-masking-300k,Custom Ai4Privacy,"Academic/non-commercial only; written permission for redistribution/derivatives; watermark stated","en; fr; de; it; es; nl",766.2 MiB,"225,405 locally counted",text; PII masking,Synthetic natural-language records,"28 labels observed locally",JSONL; spans; masks; token BIO,synthetic,train/validation,approved academic research only,none,"Possible chat/form text; no browser state","Name/card counts differ from local rows; publisher QA sample only","23 duplicate-text rows; near/template overlap unknown",Synthetic claim; restrictive license,Blocked,Blocked,Reject,Hold or reject for unrestricted project,blocked,"No exact-text overlap with local 400k/500k releases"
DS-CAND-008,pii-masking-400k,https://huggingface.co/datasets/ai4privacy/pii-masking-400k,Custom Ai4Privacy,"Academic/non-commercial only; written permission for redistribution/derivatives; watermark stated","en; fr; de; it; es; nl",491.2 MiB,"406,896 locally counted",text; PII masking,Synthetic natural-language records,"17 labels observed locally",JSONL; spans; masks; token labels,synthetic,"train 325,517; validation 81,379",approved academic research only,none,"Possible chat/form text; no browser state","127 duplicate-text rows; known issue in card","Two exact-text overlaps with 500k; near/template overlap unknown",Synthetic claim; restrictive license,Blocked,Blocked,Reject,Hold or reject for unrestricted project,blocked,"No exact-text overlap with local 300k"
DS-CAND-009,piiscan-data,https://github.com/palarnab/piiscan,"CC-BY-4.0 for recipe/sample; upstream mixed","Rebuild depends on multiple open, non-commercial, gated, controlled, and unknown-license sources","de; en; es; fr; it declared for recipe",0.1 MiB,"78 local sample rows; manifest claims 1,631,582 absent rows",text recipe; schema; sample spans,"Provenance and taxonomy recipe; not published corpus","39 canonical types across trained/rule/experimental/blocked tiers",JSON schema; JSONL samples; manifests,mostly synthetic samples,"78 samples marked train; manifest claims train/validation/test",recipe/reference only,none,none,"Large corpus claims cannot be checked from absent rows","Manifest references derived OpenPII/TAB sources",Mixed-license rebuild and controlled-source risks,Reject as local training dataset,Reject,Reject,Retain as recipe reference only,mixed,"Manifest counts are not evidence of local data"
DS-CAND-010,Privasis-Zero,https://huggingface.co/datasets/nvidia/Privasis-Zero,NVIDIA License,Non-commercial research or evaluation only,English,7.20 GiB,"Card claims 1.3M records",text; sanitization,"Synthetic medical; financial; legal; email; message records with social context","Profile and event attributes; grouped privacy attributes",Parquet; attribute spans; sanitize/drop/keep instructions,synthetic,"corpus train; vanilla/hard validation/test",non-commercial research/evaluation,none,"Document-like content only; no browser state","Hard splits lack gold sanitized outputs",Generator-family split helps but template leakage unknown,Synthetic profiles; model-generation provenance,Candidate for research-only text sanitization,Candidate where gold outputs exist,Reject hard splits for scored redaction; reject overall visual final,Retain research-only candidate,blocked,"Publisher identity and page verified 2026-10-04; card reports 15 GB uncompressed while local files total 7.20 GiB"
DS-CAND-011,roberta-pii-synth,https://huggingface.co/datasets/tursunait/RoBERTa-pii-synth,MIT,Attribution customary,English,170.5 MiB,"120,000 local split totals",text; PII NER,"Fully synthetic natural-language text with noise and hard negatives","PERSON; EMAIL; PHONE; ORG; ADDRESS; DATE; CREDIT_CARD; SSN; AGE",character spans; Arrow; CoNLL BILOU,synthetic,"train 96,000; validation 12,000; test 12,000",text PII training/evaluation,none,"Card mentions Chrome masking use but contains no browser context","Synthetic coverage gaps; offset-noise limitation stated",Same-generator split/template risk,Synthetic claim; inspect generation provenance,Candidate after quality review,Candidate for text-only validation,Reject as independent final evaluation,Retain text candidate,provisional,"No visual/browser evidence"

